method,split,step,reward,rolling_reward
GRPO,train,1,0.0,0.0
GRPO,train,2,0.0,0.0
GRPO,train,3,0.00390625,0.0013020833333333333
GRPO,train,4,0.0,0.0009765625
GRPO,train,5,0.0,0.00078125
GRPO,train,6,0.01171875,0.0026041666666666665
GRPO,train,7,0.0,0.002232142857142857
GRPO,train,8,0.0,0.001953125
GRPO,train,9,0.00390625,0.002170138888888889
GRPO,train,10,0.0078125,0.0030381944444444445
GRPO,train,11,0.015625,0.004774305555555556
GRPO,train,12,0.0234375,0.006944444444444444
GRPO,train,13,0.05859375,0.013454861111111112
GRPO,train,14,0.03515625,0.017361111111111112
GRPO,train,15,0.05859375,0.022569444444444444
GRPO,train,16,0.109375,0.034722222222222224
GRPO,train,17,0.14453125,0.05078125
GRPO,train,18,0.125,0.0642361111111111
GRPO,train,19,0.12890625,0.07769097222222222
GRPO,train,20,0.19140625,0.09722222222222222
GRPO,train,21,0.21875,0.1189236111111111
GRPO,train,22,0.21875,0.13671875
GRPO,train,23,0.34765625,0.1714409722222222
GRPO,train,24,0.28125,0.19618055555555555
GRPO,train,25,0.265625,0.21354166666666666
GRPO,train,26,0.3671875,0.23828125
GRPO,train,27,0.3515625,0.2634548611111111
GRPO,train,28,0.46875,0.3012152777777778
GRPO,train,29,0.28515625,0.3116319444444444
GRPO,train,30,0.375,0.3289930555555556
GRPO,train,31,0.3125,0.3394097222222222
GRPO,train,32,0.5,0.3563368055555556
GRPO,train,33,0.40234375,0.3697916666666667
GRPO,train,34,0.390625,0.3836805555555556
GRPO,train,35,0.33984375,0.3806423611111111
GRPO,train,36,0.46875,0.3936631944444444
GRPO,train,37,0.50390625,0.3975694444444444
GRPO,train,38,0.359375,0.4058159722222222
GRPO,train,39,0.421875,0.4110243055555556
GRPO,train,40,0.4765625,0.4292534722222222
GRPO,train,41,0.4375,0.4223090277777778
GRPO,train,42,0.375,0.4192708333333333
GRPO,train,43,0.49609375,0.4309895833333333
GRPO,train,44,0.390625,0.4366319444444444
GRPO,train,45,0.44921875,0.4344618055555556
GRPO,train,46,0.546875,0.4392361111111111
GRPO,train,47,0.42578125,0.4466145833333333
GRPO,train,48,0.48046875,0.453125
GRPO,train,49,0.49609375,0.4552951388888889
GRPO,train,50,0.42578125,0.4539930555555556
GRPO,train,51,0.49609375,0.4674479166666667
GRPO,train,52,0.4609375,0.4635416666666667
GRPO,train,53,0.41796875,0.4665798611111111
GRPO,train,54,0.4453125,0.4661458333333333
GRPO,train,55,0.4375,0.4539930555555556
GRPO,train,56,0.46875,0.4587673611111111
GRPO,train,57,0.37109375,0.4466145833333333
GRPO,train,58,0.51171875,0.4483506944444444
GRPO,train,59,0.54296875,0.4613715277777778
GRPO,train,60,0.51171875,0.4631076388888889
GRPO,train,61,0.51953125,0.4696180555555556
GRPO,train,62,0.56640625,0.4861111111111111
GRPO,train,63,0.5,0.4921875
GRPO,train,64,0.47265625,0.49609375
GRPO,train,65,0.609375,0.51171875
GRPO,train,66,0.5,0.5260416666666666
GRPO,train,67,0.453125,0.51953125
GRPO,train,68,0.6015625,0.5260416666666666
GRPO,train,69,0.5546875,0.5308159722222222
GRPO,train,70,0.45703125,0.5238715277777778
GRPO,train,71,0.390625,0.5043402777777778
GRPO,train,72,0.515625,0.5060763888888888
GRPO,train,73,0.5234375,0.51171875
GRPO,train,74,0.5234375,0.5021701388888888
GRPO,train,75,0.61328125,0.5147569444444444
GRPO,train,76,0.48828125,0.5186631944444444
GRPO,train,77,0.59375,0.5177951388888888
GRPO,train,78,0.50390625,0.5121527777777778
GRPO,train,79,0.47265625,0.5138888888888888
GRPO,train,80,0.546875,0.53125
GRPO,train,81,0.390625,0.5173611111111112
GRPO,train,82,0.51171875,0.5160590277777778
GRPO,train,83,0.53125,0.5169270833333334
GRPO,train,84,0.4453125,0.4982638888888889
GRPO,train,85,0.5234375,0.5021701388888888
GRPO,train,86,0.42578125,0.4835069444444444
GRPO,train,87,0.40234375,0.4722222222222222
GRPO,train,88,0.5,0.4752604166666667
GRPO,train,89,0.515625,0.4717881944444444
GRPO,train,90,0.4765625,0.4813368055555556
GRPO,train,91,0.44140625,0.4735243055555556
GRPO,train,92,0.52734375,0.4730902777777778
GRPO,train,93,0.61328125,0.4917534722222222
GRPO,train,94,0.5703125,0.4969618055555556
GRPO,train,95,0.51171875,0.5065104166666666
GRPO,train,96,0.48828125,0.5160590277777778
GRPO,train,97,0.52734375,0.5190972222222222
GRPO,train,98,0.5625,0.5243055555555556
GRPO,train,99,0.48046875,0.5247395833333334
GRPO,train,100,0.5703125,0.5390625
GRPO,train,101,0.6484375,0.5525173611111112
GRPO,train,102,0.4375,0.5329861111111112
GRPO,train,103,0.51171875,0.5264756944444444
GRPO,train,104,0.57421875,0.5334201388888888
GRPO,train,105,0.46484375,0.5308159722222222
GRPO,train,106,0.48046875,0.5256076388888888
GRPO,train,107,0.484375,0.5169270833333334
GRPO,train,108,0.484375,0.5173611111111112
GRPO,train,109,0.4453125,0.5034722222222222
GRPO,train,110,0.5390625,0.4913194444444444
GRPO,train,111,0.6328125,0.5130208333333334
GRPO,train,112,0.42578125,0.5034722222222222
GRPO,train,113,0.625,0.5091145833333334
GRPO,train,114,0.484375,0.5112847222222222
GRPO,train,115,0.48046875,0.5112847222222222
GRPO,train,116,0.5234375,0.515625
GRPO,train,117,0.54296875,0.5221354166666666
GRPO,train,118,0.40625,0.5177951388888888
GRPO,train,119,0.44140625,0.5069444444444444
GRPO,train,120,0.515625,0.4939236111111111
GRPO,train,121,0.5234375,0.5047743055555556
GRPO,train,122,0.44140625,0.484375
GRPO,train,123,0.49609375,0.4856770833333333
GRPO,train,124,0.578125,0.4965277777777778
GRPO,train,125,0.48046875,0.4917534722222222
GRPO,train,126,0.4375,0.4800347222222222
GRPO,train,127,0.60546875,0.5021701388888888
GRPO,train,128,0.58984375,0.5186631944444444
GRPO,train,129,0.62890625,0.53125
GRPO,train,130,0.5078125,0.5295138888888888
GRPO,train,131,0.58203125,0.5451388888888888
GRPO,train,132,0.48828125,0.5442708333333334
GRPO,train,133,0.48046875,0.5334201388888888
GRPO,train,134,0.53515625,0.5394965277777778
GRPO,train,135,0.58984375,0.5564236111111112
GRPO,train,136,0.3828125,0.5316840277777778
GRPO,train,137,0.453125,0.5164930555555556
GRPO,train,138,0.41796875,0.4930555555555556
GRPO,train,139,0.44921875,0.4865451388888889
GRPO,train,140,0.42578125,0.4691840277777778
GRPO,train,141,0.53515625,0.4743923611111111
GRPO,train,142,0.38671875,0.4639756944444444
GRPO,train,143,0.6015625,0.4713541666666667
GRPO,train,144,0.5703125,0.4691840277777778
GRPO,train,145,0.46484375,0.4782986111111111
GRPO,train,146,0.5,0.4835069444444444
GRPO,train,147,0.53515625,0.4965277777777778
GRPO,train,148,0.4296875,0.4943576388888889
GRPO,train,149,0.5078125,0.5034722222222222
GRPO,train,150,0.4765625,0.4969618055555556
GRPO,train,151,0.50390625,0.5099826388888888
GRPO,train,152,0.5546875,0.5047743055555556
GRPO,train,153,0.41015625,0.4869791666666667
GRPO,train,154,0.48828125,0.4895833333333333
GRPO,train,155,0.55859375,0.49609375
GRPO,train,156,0.43359375,0.4848090277777778
GRPO,train,157,0.4453125,0.4865451388888889
GRPO,train,158,0.55078125,0.4913194444444444
GRPO,train,159,0.51171875,0.4952256944444444
GRPO,train,160,0.59765625,0.5056423611111112
GRPO,train,161,0.578125,0.5082465277777778
GRPO,train,162,0.4296875,0.5104166666666666
GRPO,train,163,0.42578125,0.5034722222222222
GRPO,train,164,0.53125,0.5004340277777778
GRPO,train,165,0.484375,0.5060763888888888
GRPO,train,166,0.4765625,0.5095486111111112
GRPO,train,167,0.5078125,0.5047743055555556
GRPO,train,168,0.49609375,0.5030381944444444
GRPO,train,169,0.46484375,0.48828125
GRPO,train,170,0.42578125,0.4713541666666667
GRPO,train,171,0.48046875,0.4769965277777778
GRPO,train,172,0.546875,0.4904513888888889
GRPO,train,173,0.41015625,0.4769965277777778
GRPO,train,174,0.4296875,0.4709201388888889
GRPO,train,175,0.4609375,0.4691840277777778
GRPO,train,176,0.57421875,0.4765625
GRPO,train,177,0.421875,0.4683159722222222
GRPO,train,178,0.59375,0.4826388888888889
GRPO,train,179,0.51953125,0.4930555555555556
GRPO,train,180,0.4453125,0.4891493055555556
GRPO,train,181,0.52734375,0.4869791666666667
GRPO,train,182,0.47265625,0.4939236111111111
GRPO,train,183,0.45703125,0.4969618055555556
GRPO,train,184,0.54296875,0.5060763888888888
GRPO,train,185,0.44140625,0.4913194444444444
GRPO,train,186,0.53515625,0.50390625
GRPO,train,187,0.4921875,0.4926215277777778
GRPO,train,188,0.48046875,0.48828125
GRPO,train,189,0.53515625,0.4982638888888889
GRPO,train,190,0.49609375,0.4947916666666667
GRPO,train,191,0.46484375,0.4939236111111111
GRPO,train,192,0.5,0.4986979166666667
GRPO,train,193,0.53515625,0.4978298611111111
GRPO,train,194,0.515625,0.5060763888888888
GRPO,train,195,0.56640625,0.5095486111111112
GRPO,train,196,0.5,0.5104166666666666
GRPO,train,197,0.45703125,0.5078125
GRPO,train,198,0.3515625,0.4874131944444444
GRPO,train,199,0.58203125,0.4969618055555556
GRPO,train,200,0.51953125,0.5030381944444444
GRPO,validation,10,0.0517578125,
GRPO,validation,20,0.390625,
GRPO,validation,30,0.4453125,
GRPO,validation,40,0.45703125,
GRPO,validation,50,0.4443359375,
GRPO,validation,60,0.4462890625,
GRPO,validation,70,0.4580078125,
GRPO,validation,80,0.486328125,
GRPO,validation,90,0.4794921875,
GRPO,validation,100,0.4765625,
GRPO,validation,110,0.47265625,
GRPO,validation,120,0.482421875,
GRPO,validation,130,0.484375,
GRPO,validation,140,0.4873046875,
GRPO,validation,150,0.478515625,
GRPO,validation,160,0.4755859375,
GRPO,validation,170,0.4921875,
GRPO,validation,180,0.5048828125,
GRPO,validation,190,0.4853515625,
GRPO,validation,200,0.4951171875,
Dr.GRPO,train,1,0.0,0.0
Dr.GRPO,train,2,0.0,0.0
Dr.GRPO,train,3,0.00390625,0.0013020833333333333
Dr.GRPO,train,4,0.0,0.0009765625
Dr.GRPO,train,5,0.0,0.00078125
Dr.GRPO,train,6,0.0078125,0.001953125
Dr.GRPO,train,7,0.0,0.0016741071428571428
Dr.GRPO,train,8,0.0,0.00146484375
Dr.GRPO,train,9,0.00390625,0.001736111111111111
Dr.GRPO,train,10,0.00390625,0.002170138888888889
Dr.GRPO,train,11,0.01171875,0.003472222222222222
Dr.GRPO,train,12,0.015625,0.004774305555555556
Dr.GRPO,train,13,0.03515625,0.008680555555555556
Dr.GRPO,train,14,0.0546875,0.014756944444444444
Dr.GRPO,train,15,0.0390625,0.018229166666666668
Dr.GRPO,train,16,0.109375,0.030381944444444444
Dr.GRPO,train,17,0.09765625,0.04123263888888889
Dr.GRPO,train,18,0.08984375,0.05078125
Dr.GRPO,train,19,0.13671875,0.06553819444444445
Dr.GRPO,train,20,0.17578125,0.0837673611111111
Dr.GRPO,train,21,0.23046875,0.1076388888888889
Dr.GRPO,train,22,0.17578125,0.1232638888888889
Dr.GRPO,train,23,0.3359375,0.1545138888888889
Dr.GRPO,train,24,0.30078125,0.18359375
Dr.GRPO,train,25,0.234375,0.1974826388888889
Dr.GRPO,train,26,0.30859375,0.2209201388888889
Dr.GRPO,train,27,0.2734375,0.24131944444444445
Dr.GRPO,train,28,0.44140625,0.2751736111111111
Dr.GRPO,train,29,0.3125,0.2903645833333333
Dr.GRPO,train,30,0.34765625,0.3033854166666667
Dr.GRPO,train,31,0.35546875,0.3233506944444444
Dr.GRPO,train,32,0.359375,0.3259548611111111
Dr.GRPO,train,33,0.38671875,0.3355034722222222
Dr.GRPO,train,34,0.4375,0.3580729166666667
Dr.GRPO,train,35,0.265625,0.3532986111111111
Dr.GRPO,train,36,0.3984375,0.3671875
Dr.GRPO,train,37,0.42578125,0.3654513888888889
Dr.GRPO,train,38,0.28515625,0.3624131944444444
Dr.GRPO,train,39,0.3359375,0.3611111111111111
Dr.GRPO,train,40,0.4140625,0.3676215277777778
Dr.GRPO,train,41,0.3828125,0.3702256944444444
Dr.GRPO,train,42,0.35546875,0.3667534722222222
Dr.GRPO,train,43,0.51953125,0.3758680555555556
Dr.GRPO,train,44,0.34765625,0.3849826388888889
Dr.GRPO,train,45,0.4375,0.3893229166666667
Dr.GRPO,train,46,0.51171875,0.3988715277777778
Dr.GRPO,train,47,0.44921875,0.4171006944444444
Dr.GRPO,train,48,0.484375,0.43359375
Dr.GRPO,train,49,0.38671875,0.4305555555555556
Dr.GRPO,train,50,0.421875,0.4348958333333333
Dr.GRPO,train,51,0.484375,0.44921875
Dr.GRPO,train,52,0.46875,0.4435763888888889
Dr.GRPO,train,53,0.33203125,0.4418402777777778
Dr.GRPO,train,54,0.42578125,0.4405381944444444
Dr.GRPO,train,55,0.49609375,0.4388020833333333
Dr.GRPO,train,56,0.49609375,0.4440104166666667
Dr.GRPO,train,57,0.42578125,0.4375
Dr.GRPO,train,58,0.46484375,0.4461805555555556
Dr.GRPO,train,59,0.5390625,0.4592013888888889
Dr.GRPO,train,60,0.49609375,0.4605034722222222
Dr.GRPO,train,61,0.47265625,0.4609375
Dr.GRPO,train,62,0.61328125,0.4921875
Dr.GRPO,train,63,0.41015625,0.4904513888888889
Dr.GRPO,train,64,0.46875,0.4874131944444444
Dr.GRPO,train,65,0.5078125,0.4887152777777778
Dr.GRPO,train,66,0.47265625,0.4939236111111111
Dr.GRPO,train,67,0.453125,0.4926215277777778
Dr.GRPO,train,68,0.5546875,0.4943576388888889
Dr.GRPO,train,69,0.59375,0.5052083333333334
Dr.GRPO,train,70,0.40625,0.4978298611111111
Dr.GRPO,train,71,0.36328125,0.4700520833333333
Dr.GRPO,train,72,0.5390625,0.484375
Dr.GRPO,train,73,0.421875,0.4791666666666667
Dr.GRPO,train,74,0.390625,0.4661458333333333
Dr.GRPO,train,75,0.5078125,0.4700520833333333
Dr.GRPO,train,76,0.4453125,0.4691840277777778
Dr.GRPO,train,77,0.5,0.4631076388888889
Dr.GRPO,train,78,0.484375,0.4509548611111111
Dr.GRPO,train,79,0.40234375,0.4505208333333333
Dr.GRPO,train,80,0.53125,0.4691840277777778
Dr.GRPO,train,81,0.47265625,0.4618055555555556
Dr.GRPO,train,82,0.42578125,0.4622395833333333
Dr.GRPO,train,83,0.3203125,0.4544270833333333
Dr.GRPO,train,84,0.30078125,0.4314236111111111
Dr.GRPO,train,85,0.421875,0.4288194444444444
Dr.GRPO,train,86,0.35546875,0.4127604166666667
Dr.GRPO,train,87,0.421875,0.4058159722222222
Dr.GRPO,train,88,0.44921875,0.4110243055555556
Dr.GRPO,train,89,0.34765625,0.390625
Dr.GRPO,train,90,0.48046875,0.3914930555555556
Dr.GRPO,train,91,0.45703125,0.3949652777777778
Dr.GRPO,train,92,0.4296875,0.4071180555555556
Dr.GRPO,train,93,0.4921875,0.4283854166666667
Dr.GRPO,train,94,0.62109375,0.4505208333333333
Dr.GRPO,train,95,0.49609375,0.4661458333333333
Dr.GRPO,train,96,0.47265625,0.4717881944444444
Dr.GRPO,train,97,0.56640625,0.4848090277777778
Dr.GRPO,train,98,0.54296875,0.5065104166666666
Dr.GRPO,train,99,0.421875,0.5
Dr.GRPO,train,100,0.390625,0.4926215277777778
Dr.GRPO,train,101,0.63671875,0.515625
Dr.GRPO,train,102,0.44921875,0.5108506944444444
Dr.GRPO,train,103,0.46875,0.4939236111111111
Dr.GRPO,train,104,0.52734375,0.4973958333333333
Dr.GRPO,train,105,0.45703125,0.4956597222222222
Dr.GRPO,train,106,0.453125,0.4830729166666667
Dr.GRPO,train,107,0.48828125,0.4769965277777778
Dr.GRPO,train,108,0.578125,0.4943576388888889
Dr.GRPO,train,109,0.46484375,0.5026041666666666
Dr.GRPO,train,110,0.57421875,0.4956597222222222
Dr.GRPO,train,111,0.59375,0.51171875
Dr.GRPO,train,112,0.4453125,0.5091145833333334
Dr.GRPO,train,113,0.61328125,0.5186631944444444
Dr.GRPO,train,114,0.4609375,0.5190972222222222
Dr.GRPO,train,115,0.48828125,0.5230034722222222
Dr.GRPO,train,116,0.49609375,0.5238715277777778
Dr.GRPO,train,117,0.5078125,0.5160590277777778
Dr.GRPO,train,118,0.42578125,0.51171875
Dr.GRPO,train,119,0.4140625,0.4939236111111111
Dr.GRPO,train,120,0.51953125,0.4856770833333333
Dr.GRPO,train,121,0.4609375,0.4874131944444444
Dr.GRPO,train,122,0.484375,0.4730902777777778
Dr.GRPO,train,123,0.44140625,0.4709201388888889
Dr.GRPO,train,124,0.49609375,0.4717881944444444
Dr.GRPO,train,125,0.46484375,0.4683159722222222
Dr.GRPO,train,126,0.38671875,0.4548611111111111
Dr.GRPO,train,127,0.54296875,0.4678819444444444
Dr.GRPO,train,128,0.51171875,0.4787326388888889
Dr.GRPO,train,129,0.515625,0.4782986111111111
Dr.GRPO,train,130,0.5390625,0.4869791666666667
Dr.GRPO,train,131,0.4765625,0.4861111111111111
Dr.GRPO,train,132,0.50390625,0.4930555555555556
Dr.GRPO,train,133,0.52734375,0.4965277777777778
Dr.GRPO,train,134,0.3828125,0.4874131944444444
Dr.GRPO,train,135,0.4453125,0.4939236111111111
Dr.GRPO,train,136,0.33984375,0.4713541666666667
Dr.GRPO,train,137,0.4375,0.4631076388888889
Dr.GRPO,train,138,0.44140625,0.4548611111111111
Dr.GRPO,train,139,0.44921875,0.4448784722222222
Dr.GRPO,train,140,0.421875,0.4388020833333333
Dr.GRPO,train,141,0.48046875,0.4361979166666667
Dr.GRPO,train,142,0.4453125,0.4270833333333333
Dr.GRPO,train,143,0.57421875,0.4483506944444444
Dr.GRPO,train,144,0.546875,0.4596354166666667
Dr.GRPO,train,145,0.4453125,0.4713541666666667
Dr.GRPO,train,146,0.51171875,0.4796006944444444
Dr.GRPO,train,147,0.51171875,0.4874131944444444
Dr.GRPO,train,148,0.421875,0.484375
Dr.GRPO,train,149,0.453125,0.4878472222222222
Dr.GRPO,train,150,0.40234375,0.4791666666666667
Dr.GRPO,train,151,0.47265625,0.4822048611111111
Dr.GRPO,train,152,0.46875,0.4704861111111111
Dr.GRPO,train,153,0.30078125,0.4431423611111111
Dr.GRPO,train,154,0.4453125,0.4431423611111111
Dr.GRPO,train,155,0.46484375,0.4379340277777778
Dr.GRPO,train,156,0.34375,0.4192708333333333
Dr.GRPO,train,157,0.41796875,0.4188368055555556
Dr.GRPO,train,158,0.484375,0.4223090277777778
Dr.GRPO,train,159,0.4765625,0.4305555555555556
Dr.GRPO,train,160,0.625,0.4474826388888889
Dr.GRPO,train,161,0.421875,0.4422743055555556
Dr.GRPO,train,162,0.4765625,0.4618055555555556
Dr.GRPO,train,163,0.5078125,0.46875
Dr.GRPO,train,164,0.51953125,0.4748263888888889
Dr.GRPO,train,165,0.51171875,0.4934895833333333
Dr.GRPO,train,166,0.47265625,0.4995659722222222
Dr.GRPO,train,167,0.4453125,0.4952256944444444
Dr.GRPO,train,168,0.5078125,0.4986979166666667
Dr.GRPO,train,169,0.45703125,0.4800347222222222
Dr.GRPO,train,170,0.37109375,0.4743923611111111
Dr.GRPO,train,171,0.5390625,0.4813368055555556
Dr.GRPO,train,172,0.5078125,0.4813368055555556
Dr.GRPO,train,173,0.4453125,0.4730902777777778
Dr.GRPO,train,174,0.40234375,0.4609375
Dr.GRPO,train,175,0.390625,0.4518229166666667
Dr.GRPO,train,176,0.609375,0.4700520833333333
Dr.GRPO,train,177,0.42578125,0.4609375
Dr.GRPO,train,178,0.51953125,0.4678819444444444
Dr.GRPO,train,179,0.4765625,0.4796006944444444
Dr.GRPO,train,180,0.421875,0.4665798611111111
Dr.GRPO,train,181,0.4375,0.4587673611111111
Dr.GRPO,train,182,0.45703125,0.4600694444444444
Dr.GRPO,train,183,0.4765625,0.4683159722222222
Dr.GRPO,train,184,0.46484375,0.4765625
Dr.GRPO,train,185,0.42578125,0.4561631944444444
Dr.GRPO,train,186,0.51171875,0.4657118055555556
Dr.GRPO,train,187,0.51171875,0.46484375
Dr.GRPO,train,188,0.484375,0.4657118055555556
Dr.GRPO,train,189,0.52734375,0.4774305555555556
Dr.GRPO,train,190,0.48046875,0.4822048611111111
Dr.GRPO,train,191,0.4453125,0.4809027777777778
Dr.GRPO,train,192,0.4921875,0.4826388888888889
Dr.GRPO,train,193,0.4609375,0.4822048611111111
Dr.GRPO,train,194,0.37109375,0.4761284722222222
Dr.GRPO,train,195,0.52734375,0.4778645833333333
Dr.GRPO,train,196,0.48828125,0.4752604166666667
Dr.GRPO,train,197,0.51953125,0.4791666666666667
Dr.GRPO,train,198,0.3046875,0.4544270833333333
Dr.GRPO,train,199,0.55859375,0.4631076388888889
Dr.GRPO,train,200,0.53125,0.47265625
Dr.GRPO,validation,10,0.0341796875,
Dr.GRPO,validation,20,0.361328125,
Dr.GRPO,validation,30,0.412109375,
Dr.GRPO,validation,40,0.390625,
Dr.GRPO,validation,50,0.423828125,
Dr.GRPO,validation,60,0.4482421875,
Dr.GRPO,validation,70,0.45703125,
Dr.GRPO,validation,80,0.4404296875,
Dr.GRPO,validation,90,0.4697265625,
Dr.GRPO,validation,100,0.4775390625,
Dr.GRPO,validation,110,0.474609375,
Dr.GRPO,validation,120,0.4794921875,
Dr.GRPO,validation,130,0.478515625,
Dr.GRPO,validation,140,0.4736328125,
Dr.GRPO,validation,150,0.421875,
Dr.GRPO,validation,160,0.4658203125,
Dr.GRPO,validation,170,0.4658203125,
Dr.GRPO,validation,180,0.4404296875,
Dr.GRPO,validation,190,0.462890625,
Dr.GRPO,validation,200,0.458984375,
Kimi-OPMD,train,1,0.0,0.0
Kimi-OPMD,train,2,0.0,0.0
Kimi-OPMD,train,3,0.00390625,0.0013020833333333333
Kimi-OPMD,train,4,0.0,0.0009765625
Kimi-OPMD,train,5,0.0,0.00078125
Kimi-OPMD,train,6,0.01953125,0.00390625
Kimi-OPMD,train,7,0.03515625,0.008370535714285714
Kimi-OPMD,train,8,0.12109375,0.0224609375
Kimi-OPMD,train,9,0.1796875,0.03993055555555555
Kimi-OPMD,train,10,0.265625,0.06944444444444445
Kimi-OPMD,train,11,0.3515625,0.10850694444444445
Kimi-OPMD,train,12,0.5625,0.17057291666666666
Kimi-OPMD,train,13,0.50390625,0.2265625
Kimi-OPMD,train,14,0.3515625,0.265625
Kimi-OPMD,train,15,0.3671875,0.3042534722222222
Kimi-OPMD,train,16,0.50390625,0.3563368055555556
Kimi-OPMD,train,17,0.546875,0.4036458333333333
Kimi-OPMD,train,18,0.39453125,0.4275173611111111
Kimi-OPMD,train,19,0.34765625,0.4366319444444444
Kimi-OPMD,train,20,0.4375,0.4461805555555556
Kimi-OPMD,train,21,0.45703125,0.4344618055555556
Kimi-OPMD,train,22,0.37109375,0.4197048611111111
Kimi-OPMD,train,23,0.546875,0.44140625
Kimi-OPMD,train,24,0.5078125,0.45703125
Kimi-OPMD,train,25,0.40625,0.4461805555555556
Kimi-OPMD,train,26,0.48046875,0.4388020833333333
Kimi-OPMD,train,27,0.41015625,0.4405381944444444
Kimi-OPMD,train,28,0.56640625,0.46484375
Kimi-OPMD,train,29,0.38671875,0.4592013888888889
Kimi-OPMD,train,30,0.48046875,0.4618055555555556
Kimi-OPMD,train,31,0.43359375,0.46875
Kimi-OPMD,train,32,0.5,0.4635416666666667
Kimi-OPMD,train,33,0.43359375,0.4552951388888889
Kimi-OPMD,train,34,0.52734375,0.46875
Kimi-OPMD,train,35,0.4765625,0.4683159722222222
Kimi-OPMD,train,36,0.4765625,0.4756944444444444
Kimi-OPMD,train,37,0.4921875,0.4674479166666667
Kimi-OPMD,train,38,0.4453125,0.4739583333333333
Kimi-OPMD,train,39,0.43359375,0.46875
Kimi-OPMD,train,40,0.53125,0.4796006944444444
Kimi-OPMD,train,41,0.48046875,0.4774305555555556
Kimi-OPMD,train,42,0.40234375,0.4739583333333333
Kimi-OPMD,train,43,0.625,0.4848090277777778
Kimi-OPMD,train,44,0.3515625,0.4709201388888889
Kimi-OPMD,train,45,0.53515625,0.4774305555555556
Kimi-OPMD,train,46,0.50390625,0.4787326388888889
Kimi-OPMD,train,47,0.47265625,0.4817708333333333
Kimi-OPMD,train,48,0.484375,0.4874131944444444
Kimi-OPMD,train,49,0.44921875,0.4782986111111111
Kimi-OPMD,train,50,0.4609375,0.4761284722222222
Kimi-OPMD,train,51,0.61328125,0.4995659722222222
Kimi-OPMD,train,52,0.5390625,0.4900173611111111
Kimi-OPMD,train,53,0.37890625,0.4930555555555556
Kimi-OPMD,train,54,0.42578125,0.4809027777777778
Kimi-OPMD,train,55,0.484375,0.4787326388888889
Kimi-OPMD,train,56,0.453125,0.4765625
Kimi-OPMD,train,57,0.4296875,0.4704861111111111
Kimi-OPMD,train,58,0.578125,0.4848090277777778
Kimi-OPMD,train,59,0.625,0.5030381944444444
Kimi-OPMD,train,60,0.48828125,0.4891493055555556
Kimi-OPMD,train,61,0.53125,0.48828125
Kimi-OPMD,train,62,0.58984375,0.51171875
Kimi-OPMD,train,63,0.5390625,0.5243055555555556
Kimi-OPMD,train,64,0.50390625,0.5264756944444444
Kimi-OPMD,train,65,0.5390625,0.5360243055555556
Kimi-OPMD,train,66,0.484375,0.5421006944444444
Kimi-OPMD,train,67,0.44921875,0.5277777777777778
Kimi-OPMD,train,68,0.59375,0.5243055555555556
Kimi-OPMD,train,69,0.57421875,0.5338541666666666
Kimi-OPMD,train,70,0.58203125,0.5394965277777778
Kimi-OPMD,train,71,0.39453125,0.5177951388888888
Kimi-OPMD,train,72,0.62109375,0.5269097222222222
Kimi-OPMD,train,73,0.45703125,0.5217013888888888
Kimi-OPMD,train,74,0.5546875,0.5234375
Kimi-OPMD,train,75,0.64453125,0.5412326388888888
Kimi-OPMD,train,76,0.51171875,0.5481770833333334
Kimi-OPMD,train,77,0.53515625,0.5416666666666666
Kimi-OPMD,train,78,0.5390625,0.5377604166666666
Kimi-OPMD,train,79,0.43359375,0.5212673611111112
Kimi-OPMD,train,80,0.5234375,0.5355902777777778
Kimi-OPMD,train,81,0.421875,0.5134548611111112
Kimi-OPMD,train,82,0.55078125,0.5238715277777778
Kimi-OPMD,train,83,0.4375,0.5108506944444444
Kimi-OPMD,train,84,0.4765625,0.4921875
Kimi-OPMD,train,85,0.4921875,0.4900173611111111
Kimi-OPMD,train,86,0.453125,0.4809027777777778
Kimi-OPMD,train,87,0.42578125,0.4683159722222222
Kimi-OPMD,train,88,0.51171875,0.4769965277777778
Kimi-OPMD,train,89,0.515625,0.4761284722222222
Kimi-OPMD,train,90,0.5859375,0.4943576388888889
Kimi-OPMD,train,91,0.453125,0.4835069444444444
Kimi-OPMD,train,92,0.44921875,0.4848090277777778
Kimi-OPMD,train,93,0.59765625,0.4982638888888889
Kimi-OPMD,train,94,0.62890625,0.5134548611111112
Kimi-OPMD,train,95,0.5234375,0.5212673611111112
Kimi-OPMD,train,96,0.640625,0.5451388888888888
Kimi-OPMD,train,97,0.59765625,0.5546875
Kimi-OPMD,train,98,0.59375,0.5633680555555556
Kimi-OPMD,train,99,0.4296875,0.5460069444444444
Kimi-OPMD,train,100,0.44140625,0.5447048611111112
Kimi-OPMD,train,101,0.59765625,0.5611979166666666
Kimi-OPMD,train,102,0.5,0.5503472222222222
Kimi-OPMD,train,103,0.4921875,0.53515625
Kimi-OPMD,train,104,0.5703125,0.5403645833333334
Kimi-OPMD,train,105,0.484375,0.5230034722222222
Kimi-OPMD,train,106,0.51171875,0.5134548611111112
Kimi-OPMD,train,107,0.484375,0.5013020833333334
Kimi-OPMD,train,108,0.53515625,0.5130208333333334
Kimi-OPMD,train,109,0.55859375,0.5260416666666666
Kimi-OPMD,train,110,0.6171875,0.5282118055555556
Kimi-OPMD,train,111,0.609375,0.5403645833333334
Kimi-OPMD,train,112,0.4921875,0.5403645833333334
Kimi-OPMD,train,113,0.6171875,0.5455729166666666
Kimi-OPMD,train,114,0.46875,0.5438368055555556
Kimi-OPMD,train,115,0.41796875,0.5334201388888888
Kimi-OPMD,train,116,0.48828125,0.5338541666666666
Kimi-OPMD,train,117,0.5234375,0.5325520833333334
Kimi-OPMD,train,118,0.43359375,0.5186631944444444
Kimi-OPMD,train,119,0.484375,0.50390625
Kimi-OPMD,train,120,0.5625,0.4986979166666667
Kimi-OPMD,train,121,0.53125,0.5030381944444444
Kimi-OPMD,train,122,0.46484375,0.4861111111111111
Kimi-OPMD,train,123,0.51171875,0.4908854166666667
Kimi-OPMD,train,124,0.50390625,0.5004340277777778
Kimi-OPMD,train,125,0.52734375,0.5047743055555556
Kimi-OPMD,train,126,0.4453125,0.49609375
Kimi-OPMD,train,127,0.63671875,0.5186631944444444
Kimi-OPMD,train,128,0.546875,0.5256076388888888
Kimi-OPMD,train,129,0.58203125,0.5277777777777778
Kimi-OPMD,train,130,0.6015625,0.5355902777777778
Kimi-OPMD,train,131,0.55859375,0.5460069444444444
Kimi-OPMD,train,132,0.625,0.55859375
Kimi-OPMD,train,133,0.55859375,0.5646701388888888
Kimi-OPMD,train,134,0.47265625,0.55859375
Kimi-OPMD,train,135,0.55078125,0.5703125
Kimi-OPMD,train,136,0.37890625,0.5416666666666666
Kimi-OPMD,train,137,0.43359375,0.5290798611111112
Kimi-OPMD,train,138,0.44140625,0.5134548611111112
Kimi-OPMD,train,139,0.46484375,0.4982638888888889
Kimi-OPMD,train,140,0.453125,0.4865451388888889
Kimi-OPMD,train,141,0.53515625,0.4765625
Kimi-OPMD,train,142,0.48046875,0.4678819444444444
Kimi-OPMD,train,143,0.5703125,0.4787326388888889
Kimi-OPMD,train,144,0.56640625,0.48046875
Kimi-OPMD,train,145,0.5625,0.5008680555555556
Kimi-OPMD,train,146,0.58203125,0.5173611111111112
Kimi-OPMD,train,147,0.54296875,0.5286458333333334
Kimi-OPMD,train,148,0.47265625,0.5295138888888888
Kimi-OPMD,train,149,0.578125,0.5434027777777778
Kimi-OPMD,train,150,0.5234375,0.5421006944444444
Kimi-OPMD,train,151,0.5,0.5442708333333334
Kimi-OPMD,train,152,0.40234375,0.5256076388888888
Kimi-OPMD,train,153,0.421875,0.5095486111111112
Kimi-OPMD,train,154,0.5390625,0.5069444444444444
Kimi-OPMD,train,155,0.5625,0.5047743055555556
Kimi-OPMD,train,156,0.484375,0.4982638888888889
Kimi-OPMD,train,157,0.49609375,0.5008680555555556
Kimi-OPMD,train,158,0.56640625,0.4995659722222222
Kimi-OPMD,train,159,0.484375,0.4952256944444444
Kimi-OPMD,train,160,0.61328125,0.5078125
Kimi-OPMD,train,161,0.546875,0.5238715277777778
Kimi-OPMD,train,162,0.50390625,0.5329861111111112
Kimi-OPMD,train,163,0.55078125,0.5342881944444444
Kimi-OPMD,train,164,0.59765625,0.5381944444444444
Kimi-OPMD,train,165,0.59375,0.5503472222222222
Kimi-OPMD,train,166,0.4921875,0.5499131944444444
Kimi-OPMD,train,167,0.57421875,0.55078125
Kimi-OPMD,train,168,0.57421875,0.5607638888888888
Kimi-OPMD,train,169,0.5390625,0.5525173611111112
Kimi-OPMD,train,170,0.4765625,0.5447048611111112
Kimi-OPMD,train,171,0.5859375,0.5538194444444444
Kimi-OPMD,train,172,0.54296875,0.5529513888888888
Kimi-OPMD,train,173,0.55078125,0.5477430555555556
Kimi-OPMD,train,174,0.51953125,0.5394965277777778
Kimi-OPMD,train,175,0.50390625,0.5407986111111112
Kimi-OPMD,train,176,0.671875,0.5516493055555556
Kimi-OPMD,train,177,0.4453125,0.5373263888888888
Kimi-OPMD,train,178,0.625,0.546875
Kimi-OPMD,train,179,0.6171875,0.5625
Kimi-OPMD,train,180,0.5,0.5529513888888888
Kimi-OPMD,train,181,0.484375,0.5464409722222222
Kimi-OPMD,train,182,0.51953125,0.54296875
Kimi-OPMD,train,183,0.4921875,0.5399305555555556
Kimi-OPMD,train,184,0.43359375,0.5321180555555556
Kimi-OPMD,train,185,0.453125,0.5078125
Kimi-OPMD,train,186,0.59765625,0.5247395833333334
Kimi-OPMD,train,187,0.50390625,0.5112847222222222
Kimi-OPMD,train,188,0.53515625,0.5021701388888888
Kimi-OPMD,train,189,0.59375,0.5125868055555556
Kimi-OPMD,train,190,0.515625,0.5160590277777778
Kimi-OPMD,train,191,0.48828125,0.5125868055555556
Kimi-OPMD,train,192,0.578125,0.5221354166666666
Kimi-OPMD,train,193,0.5234375,0.5321180555555556
Kimi-OPMD,train,194,0.484375,0.5355902777777778
Kimi-OPMD,train,195,0.58984375,0.5347222222222222
Kimi-OPMD,train,196,0.5,0.5342881944444444
Kimi-OPMD,train,197,0.53125,0.5338541666666666
Kimi-OPMD,train,198,0.359375,0.5078125
Kimi-OPMD,train,199,0.59375,0.5164930555555556
Kimi-OPMD,train,200,0.56640625,0.5251736111111112
Kimi-OPMD,validation,10,0.451171875,
Kimi-OPMD,validation,20,0.44921875,
Kimi-OPMD,validation,30,0.45703125,
Kimi-OPMD,validation,40,0.451171875,
Kimi-OPMD,validation,50,0.458984375,
Kimi-OPMD,validation,60,0.46484375,
Kimi-OPMD,validation,70,0.458984375,
Kimi-OPMD,validation,80,0.4658203125,
Kimi-OPMD,validation,90,0.4814453125,
Kimi-OPMD,validation,100,0.498046875,
Kimi-OPMD,validation,110,0.4892578125,
Kimi-OPMD,validation,120,0.4833984375,
Kimi-OPMD,validation,130,0.4638671875,
Kimi-OPMD,validation,140,0.466796875,
Kimi-OPMD,validation,150,0.4921875,
Kimi-OPMD,validation,160,0.4912109375,
Kimi-OPMD,validation,170,0.4755859375,
Kimi-OPMD,validation,180,0.5048828125,
Kimi-OPMD,validation,190,0.513671875,
Kimi-OPMD,validation,200,0.5087890625,
